file,source,title,date,scope,rights,note,locator,sha256
images/beach/tidal_flat_19440519.jpg,https://www.ibiblio.org/hyperwar/USA/USA-A-Omaha/USA-A-Omaha-2.html,Tidal flat in front of E-1 draw,1944-05-19,Omaha / E-1,U.S. War Department publication; U.S. government material,Pre-invasion terrain; fortifications may change before D-Day.,https://www.ibiblio.org/hyperwar/USA/USA-A-Omaha/img/USA-A-Omaha-4.jpg,0a69d9d7610c2beb98c58faea6ed0bf3d3716f74e251b8400138738be074a23f
images/beach/shingle_embankment.jpg,https://www.ibiblio.org/hyperwar/USA/USA-A-Omaha/USA-A-Omaha-2.html,Shingle embankment in front of D-3 draw,Unspecified in caption,Omaha / D-3,U.S. War Department publication; U.S. government material,Useful for beach profile; do not infer exact D-Day object positions.,https://www.ibiblio.org/hyperwar/USA/USA-A-Omaha/img/USA-A-Omaha-5.jpg,34422b94a0a83a8f942a5ed2788cd7f8fba0315d36080814db23a89423c72dde
images/beach/easy_red_bluffs.jpg,https://www.ibiblio.org/hyperwar/USA/USA-A-Omaha/USA-A-Omaha-2.html,Easy Red slopes between E-1 and E-3,Just after D-Day,Omaha / Easy Red,U.S. War Department publication; U.S. government material,Terrain reference; wreckage is later than first assault.,https://www.ibiblio.org/hyperwar/USA/USA-A-Omaha/img/USA-A-Omaha-9.jpg,1a6b47517d1f41b87a27072f96e655dcc4ec8f5f0ac0a7f6248d9292f71c94e8
images/beach/vierville_flanking_pillbox.jpg,https://www.ibiblio.org/hyperwar/USA/USA-A-Omaha/USA-A-Omaha-2.html,Pillbox near Vierville draw with flanking field of fire,Unspecified in caption,Omaha / D-1,U.S. War Department publication; U.S. government material,Shows lateral siting; not every bunker faces straight out to sea.,https://www.ibiblio.org/hyperwar/USA/USA-A-Omaha/img/USA-A-Omaha-15.jpg,65da152ade016691759da8a41f78e8d6bb30354f263297a611faebd8bc6a5903
images/weapons/captured_76mm_emplacement.jpg,https://www.ibiblio.org/hyperwar/USA/USA-A-Omaha/USA-A-Omaha-2.html,Captured Russian 76-mm gun in German emplacement,1944-06,Omaha / east of E-1,U.S. War Department publication; U.S. government material,Publication calls it a Russian 76-mm howitzer; exact model unresolved.,https://www.ibiblio.org/hyperwar/USA/USA-A-Omaha/img/USA-A-Omaha-16.jpg,850d08389f5b1841d8fda1a6428d527671a9f4e738a5c5ca5f7a43671df184cc
images/beach/omaha_landing_visibility.jpg,https://www.ibiblio.org/hyperwar/USA/USA-A-Omaha/USA-A-Omaha-3.html,LCVPs landing 16th Infantry; mist and smoke,1944-06-06 around 0730 per caption,Omaha,U.S. War Department publication; U.S. government material,U.S. Coast Guard photograph; source time basis not independently verified.,https://www.ibiblio.org/hyperwar/USA/USA-A-Omaha/img/USA-A-Omaha-24.jpg,7870bb433c4a865b138aca081654ae8e58549c8e0f78d7cfdac0825d4e3e4267
images/beach/omaha_sector_map.jpg,https://www.ibiblio.org/hyperwar/USA/USA-A-Omaha/USA-A-Omaha-2.html,Omaha operational map,1944 operations / later publication,Omaha,U.S. War Department publication; U.S. government material,Historical map; choose a sector before final terrain reconstruction.,https://www.ibiblio.org/hyperwar/USA/USA-A-Omaha/maps/USA-A-Omaha-II.jpg,d1501b57cc195bcf46a9662655b4c8b612feecfc16ac5b86d773c47fc68775ef
images/vehicles/sherman_omaha_19440606.jpg,https://commons.wikimedia.org/wiki/File:Normandy_Invasion_June_1944.jpg,Bogged Sherman on Omaha Beach,1944-06-06 afternoon,Omaha,U.S. Navy / National Archives; Commons marks public domain,Historical image includes battlefield casualties. Subvariant and unit require separate identification.,https://upload.wikimedia.org/wikipedia/commons/2/2e/Normandy_Invasion_June_1944.jpg,cc34a6799a92f444c3431cb205c22ac42522bba5a636c7e8b2af4f3e5dc0dd1b
images/aircraft/b26_invasion_stripes.jpg,https://commons.wikimedia.org/wiki/File:B-26_pre-D-Day.jpg,B-26 Marauder with invasion stripes,1944; exact day unverified,European air campaign; not verified over Omaha,Commons identifies U.S. Air Force public-domain source; original caption attribution retained on source page,Small archival image. Filename says pre-D-Day but exact date is unverified. Use for silhouette/markings only.,https://upload.wikimedia.org/wikipedia/commons/8/8e/B-26_pre-D-Day.jpg,02f5aa716e99861bceed21ed9fe68b2b392e58ab40bb355e23c593d4c9dd7a6a
images/uniforms/us_field_jackets.png,S02,U.S. field jacket patterns 1940 and 1941,2007 historical survey,General U.S. Army reference; not proof of issue at Omaha,U.S. government publication; public domain in the United States,Full-page archival render; original retained. Verify the caption and date before using any individual item.,"us_uniform_survey.pdf, PDF page 83 (1-based)",3cc786dbd51afcede8e6daa93c71b003292a62345c7162763255209bfb83d839
images/uniforms/us_helmet_and_specialist_clothing.png,S02,M1 helmet and specialist clothing comparisons,2007 historical survey,General U.S. Army reference; not proof of issue at Omaha,U.S. government publication; public domain in the United States,Full-page archival render; original retained. Verify the caption and date before using any individual item.,"us_uniform_survey.pdf, PDF page 84 (1-based)",958e95846bdbeaad3f5883f61ee50d5befa2eed4888552f24cda635c21e51632
images/ranks/us_wwii_rank_chart.png,S02,Period U.S. Army rank chart,2007 historical survey,General U.S. Army reference; not proof of issue at Omaha,U.S. government publication; public domain in the United States,Full-page archival render; original retained. Verify the caption and date before using any individual item.,"us_uniform_survey.pdf, PDF page 85 (1-based)",12ab9eb9387ae72bda3e94284a303e4a984fd4cfab37774c290b275b2d001044
images/uniforms/us_web_equipment.png,S02,U.S. cartridge belt and equipment,2007 historical survey,General U.S. Army reference; not proof of issue at Omaha,U.S. government publication; public domain in the United States,Full-page archival render; original retained. Verify the caption and date before using any individual item.,"us_uniform_survey.pdf, PDF page 92 (1-based)",57a77a7169215bd4938be33c8fe696dbeefd611fc889e879e8d1a1fe7288c36c
images/uniforms/us_equipment_temporal_check.png,S02,U.S. equipment sets; includes later 1944 developments,2007 historical survey,General U.S. Army reference; not proof of issue at Omaha,U.S. government publication; public domain in the United States,Full-page archival render; original retained. Verify the caption and date before using any individual item.,"us_uniform_survey.pdf, PDF page 94 (1-based)",ad5b6684f053ce8a96974ac9e84d72f8a07200478f9224232cb46081ac6a63c7
images/weapons/us_rifle_comparison.png,S02,M1903 / M1903A3 and M1 rifle reference,2007 historical survey,General U.S. Army reference; not proof of issue at Omaha,U.S. government publication; public domain in the United States,Full-page archival render; original retained. Verify the caption and date before using any individual item.,"us_uniform_survey.pdf, PDF page 96 (1-based)",1d5fa400927fcd0b58f5650bc4642eb8d2bb7958aae2bde02fabff11ca007041
images/weapons/us_garand_carbine.png,S02,M1 Garand / carbine discussion,2007 historical survey,General U.S. Army reference; not proof of issue at Omaha,U.S. government publication; public domain in the United States,Full-page archival render; original retained. Verify the caption and date before using any individual item.,"us_uniform_survey.pdf, PDF page 97 (1-based)",df7935d93a213cd3e0b53646c027c8b760fba8b99db8bccaaeca33deec42776f
images/weapons/us_carbine_variants.png,S02,Carbine variants; date-check every variant,2007 historical survey,General U.S. Army reference; not proof of issue at Omaha,U.S. government publication; public domain in the United States,Full-page archival render; original retained. Verify the caption and date before using any individual item.,"us_uniform_survey.pdf, PDF page 98 (1-based)",32b72a763c8bb83c6814d39bca8b19006a90dd950314bf9b9ac1b814da4c6fe9
images/uniforms/heer_field_uniform.png,S03,"Heer enlisted field and service uniforms, Plate I",1945-03-01 intelligence handbook,General German reference published after D-Day,U.S. government publication; public domain in the United States,Full-page archival render; original retained. Later-war items and Allied rank translations must not be copied without date/role checks.,"german_handbook_1945.pdf, PDF page 571 (1-based)",aa94817835d94e6cc69a60f7255595cf19fa28df5df3167166eef1914258eb55
images/uniforms/heer_officer_and_specialists.png,S03,"Heer officer and specialist uniforms, Plate II",1945-03-01 intelligence handbook,General German reference published after D-Day,U.S. government publication; public domain in the United States,Full-page archival render; original retained. Later-war items and Allied rank translations must not be copied without date/role checks.,"german_handbook_1945.pdf, PDF page 572 (1-based)",bed4f710363d257635b2d4f3198256ca772dd5e3a57864d49d50525bdb5feb11
images/ranks/heer_officer_nco_ranks.png,S03,"Heer officer and NCO insignia, Plate IV",1945-03-01 intelligence handbook,General German reference published after D-Day,U.S. government publication; public domain in the United States,Full-page archival render; original retained. Later-war items and Allied rank translations must not be copied without date/role checks.,"german_handbook_1945.pdf, PDF page 574 (1-based)",867a83c3ddc0c019cb21bf969a24fdcf44899d47be2637ed83113a2a88fa90bf
images/ranks/heer_enlisted_ranks.png,S03,"Heer enlisted insignia, Plate V",1945-03-01 intelligence handbook,General German reference published after D-Day,U.S. government publication; public domain in the United States,Full-page archival render; original retained. Later-war items and Allied rank translations must not be copied without date/role checks.,"german_handbook_1945.pdf, PDF page 575 (1-based)",0c4857094d6e785e43b3ef079b9f7c01fddd356c278daaf2e714e6417891868e
images/ranks/heer_branch_colors.png,S03,"Heer branch colors, Plate VI",1945-03-01 intelligence handbook,General German reference published after D-Day,U.S. government publication; public domain in the United States,Full-page archival render; original retained. Later-war items and Allied rank translations must not be copied without date/role checks.,"german_handbook_1945.pdf, PDF page 576 (1-based)",c8a2a33dc6447ff894c3b9d5b52ded76bcbda86794dc8bd0511a65c04e05f6cb
images/weapons/german_submachine_guns.png,S03,German submachine-gun reference,1945-03-01 intelligence handbook,General German reference published after D-Day,U.S. government publication; public domain in the United States,Full-page archival render; original retained. Later-war items and Allied rank translations must not be copied without date/role checks.,"german_handbook_1945.pdf, PDF page 313 (1-based)",ba9cbc4a46598407226687d633cef916e6c313c4bf3c0fbcb0d475e6f7727100
images/weapons/german_rifle_reference.png,S03,German rifle reference,1945-03-01 intelligence handbook,General German reference published after D-Day,U.S. government publication; public domain in the United States,Full-page archival render; original retained. Later-war items and Allied rank translations must not be copied without date/role checks.,"german_handbook_1945.pdf, PDF page 315 (1-based)",3a312d693932d0d99a0744c3155be7cc06144e8368b168a89175f121cd71d30c
images/weapons/mg34_mg42.png,S03,MG34 and MG42 silhouettes,1945-03-01 intelligence handbook,General German reference published after D-Day,U.S. government publication; public domain in the United States,Full-page archival render; original retained. Later-war items and Allied rank translations must not be copied without date/role checks.,"german_handbook_1945.pdf, PDF page 318 (1-based)",8147a6150987a8cac5c5788ea56b0013b57feb8e010d2f364598886c1f87cd82
images/weapons/german_81mm_mortar.png,S03,German 81-mm mortar reference,1945-03-01 intelligence handbook,General German reference published after D-Day,U.S. government publication; public domain in the United States,Full-page archival render; original retained. Later-war items and Allied rank translations must not be copied without date/role checks.,"german_handbook_1945.pdf, PDF page 324 (1-based)",d0676da450ac2d4e81d5cacc4f844b54f58586f1e4ad27b99edf6d45cf176edf
images/weather/metoffice_19440606_1300utc.png,S05,"Met Office synoptic chart, 6 June 1944, 13 UTC",1944-06-06 13 UTC,Regional synoptic chart; not a point series at Omaha,Met Office / Crown Copyright; see source terms,Full-page archival render; original retained. Verify the caption and date before using any individual item.,"metoffice_19440606_1300utc.pdf, PDF page 1 (1-based)",a110157c1f96624acb05fae932db1ce7edd260e98f74758cd4eb36e5593ac2d8
images/uniforms/british_1944_recognition.jpg,S19,British field uniform and rank recognition chart,1944,German recognition booklet about British Army; not Omaha,Commons marks German official work public domain under section 5(1) UrhG,Foreign intelligence illustration; cross-check with British museum objects. Original labels are German.,"Taschenbuch Britisches Heer, OKH / Fremde Heere West",f67b933d364c70044b6a503cf8e30b3f3812a6ea378846a9f346ddd0e365ee10
images/weapons/us_75mm_m48_external.png,S18,75-mm M48 complete round: external appearance,1942-05-04 manual,75-mm M2 tank-gun manual for medium tank M3; not an Omaha loadout record,U.S. War Department publication; public domain in United States,External silhouette reference. Verify gun/ammunition combination separately.,"FM 23-95, PDF page 66 (1-based), Figure 19",72a3e9a142244b2a5d6bdbe097e6ad2bb73904e0be762d95509442bb06c2a905
images/ranks/us_officer_rank_chart_1943.jpg,https://commons.wikimedia.org/wiki/File:Pocket_Guide_of_Uniform_Insignia_1943_03%2B04_UNITED_STATES_ARMY_Shoulder_straps_NAVY_Sleeve_cuff_stripes_etc_%22United_Nations%22_rank_insignia_(Prepared_by_United_States_Army)_Author_uncredited_No_known_copyright_Archive.org.jpg,U.S. officer ranks from the 1943 Army pocket guide,1943,Period inter-Allied officer recognition chart; not an Omaha unit roster,U.S. Army Special Service Division / U.S. Government Printing Office; public-domain official publication,"Army, Navy and Air Force insignia must not be interchanged. Preserve period colors and original rank names.","Pocket Guide of Uniform Insignia, 03+04",9776a8efbfc86ea28f1e557b5fa622fe33637f31efc0db4bc15c96f6d4750d1d
images/ranks/british_officer_rank_chart_1943.jpg,https://commons.wikimedia.org/wiki/File:Pocket_Guide_of_Uniform_Insignia_1943_07%2B08_BRITISH_EMPIRE_ARMY_Shoulder_straps_NAVY_Sleeve_cuff_stripes_AIR_FORCE_Sleeve_cuff_stripes_%22United_Nations%22_rank_insignia_(Prepared_by_United_States_Army)_Author_uncredited_No_known_copyright.jpg,British Empire officer ranks from the 1943 Army pocket guide,1943,Period inter-Allied officer recognition chart; not an Omaha unit roster,U.S. Army Special Service Division / U.S. Government Printing Office; public-domain official publication,"Army, Navy and Air Force insignia must not be interchanged. Preserve period colors and original rank names.","Pocket Guide of Uniform Insignia, 07+08",68d197439a426578fdb3f9cc177682ba0059b7610dec865ef624b7f0224a51cf
images/aircraft/fw190a_captured_shape_only.jpg,https://commons.wikimedia.org/wiki/File:Captured_Focke-Wulf_Fw_190_in_flight_in_April_1944.jpg,Fw 190A captured test aircraft: shape reference only,"Spring 1944; source date field 1 April, description circa March","Patuxent River, Maryland, USA; NOT Normandy",Official U.S. Navy photograph 80-G-224686; public domain,"Captured German aircraft in U.S. Navy camouflage and U.S. markings, apparently without armament. NEVER copy its markings as Luftwaffe combat livery.",NHHC photograph 80-G-224686,e95b4687c520a70227fbc1e09d84ab2f202db3f16e48647ff914ea3ed6d7529c
images/vehicles/german_panther_tiger_reference.png,S03,German Panther and Tiger recognition silhouettes,1945-03-01 publication; photograph dates unspecified,General German armor; NOT evidence of vehicles on Omaha on 6 June,U.S. War Department; public-domain official publication,Recognition reference only. Exact variant and deployment must be verified. No German tank battle is approved for the beach encounter.,"TM-E 30-451, PDF page 391 (1-based), printed VII-81",82ede910b5f49c81091f064236dd9d090ea0497c904ac3eb83e2c2ad67620a25
images/beach/nara_into_jaws_of_death.jpg,S27,Into the Jaws of Death: craft exit and troop scale,1944-06-06,Omaha; Easy Red / circa 0740 attributed by NARA to National Coast Guard Museum,U.S. Coast Guard photograph by Robert F. Sargent; U.S. government work,"Period view, not a dimensioned plan. Does not select the project sector, unit or time.",NARA 205578425 / 26-G-2343; https://www.archives.gov/files/research/still-pictures/026-g-036-019-001.jpg,ea8ce01b4ba0f0b3a9b066d698854d332b967384445ddf617cbe0f7f9d4ffe41
