id,title,publisher,date,url,local_file,caveat,accessed
S01,"Omaha Beachhead, chapters 2 and 3",U.S. War Department Historical Division / HyperWar mirror,1945,https://www.ibiblio.org/hyperwar/USA/USA-A-Omaha/index.html,archive/pages/omaha2.html; archive/pages/omaha3.html,Official campaign history; later reconstruction with acknowledged gaps. Separate assault plan from actual events.,2026-09-17
S02,"Survey of U.S. Army Uniforms, Weapons and Accoutrements",David Cole / U.S. Army,2007,"https://commons.wikimedia.org/wiki/File:Survey_of_U.S._Army_Uniforms,_Weapons_and_Accoutrements_(2007),_by_David_Cole.pdf",archive/us_uniform_survey.pdf,"U.S. Army publication mirrored by Commons; includes many periods, not just June 1944.",2026-09-17
S03,TM-E 30-451 Handbook on German Military Forces,U.S. War Department,1945-03-01,https://www.ibiblio.org/hyperwar/USA/ref/TM/pdfs/TME30-451.PDF,archive/german_handbook_1945.pdf,Allied intelligence published nine months after D-Day; includes late-war items and approximate U.S. rank translations.,2026-09-17
S04,D-Day 6 June 1944 historical weather factsheet,Met Office,Modern archival publication,https://www.metoffice.gov.uk/binaries/content/assets/metofficegovuk/pdf/research/library-and-archive/library/publications/historical-weather-factsheets/dday6june1944.pdf,archive/metoffice_dday_factsheet.pdf,British station daily statistics are not Omaha measurements.,2026-09-17
S05,Synoptic chart: 6 June 1944 at 13 UTC,Met Office archive,1944-06-06,https://www.metoffice.gov.uk/api/assets/file/mo_06061944_13_utcpdf?prefix=assets,archive/metoffice_19440606_1300utc.pdf,Contemporary regional chart; scan retained without numerical station transcription.,2026-09-17
S06,D-Day archive collection,Met Office,Modern archive guide,https://www.metoffice.gov.uk/research/library-and-archive/archive-hidden-treasures/d-day,,Met Office material generally under Open Government Licence; third-party material has separate terms.,2026-09-17
S07,D-Day Analyses,ECMWF ERA-CLIM project,Modern reconstruction,https://www.ecmwf.int/en/research/projects/era-clim/d-day-analyses,,"Distinguishes documentary observations from retrospective forecasts. Figure 14 describes Sword, not Omaha. Image downloads failed certificate validation; use source links.",2026-09-17
S08,Beaufort wind force scale,Met Office,Current explanatory reference,https://weather.metoffice.gov.uk/guides/coast-and-sea/beaufort-scale,,Unit/category conversion only; not historical weather evidence.,2026-09-17
S09,M4 Sherman collection,The Tank Museum,Current collection catalog,https://tankmuseum.org/tank-nuts/tank-collection/m4-sherman/,,Museum DD example is not a D-Day vehicle; individual exhibit configuration must be checked.,2026-09-17
S10,"Normandy Invasion, June 1944 photograph",U.S. Navy / National Archives via Commons,1944-06-06 afternoon,https://commons.wikimedia.org/wiki/File:Normandy_Invasion_June_1944.jpg,images/vehicles/sherman_omaha_19440606.jpg,Omaha photograph; exact tank subvariant and unit not established here. Includes casualties.,2026-09-17
S11,B-26 pre-D-Day photograph record,U.S. Air Force source mirrored by Commons,1944; exact date unresolved,https://commons.wikimedia.org/wiki/File:B-26_pre-D-Day.jpg,images/aircraft/b26_invasion_stripes.jpg,"Filename is not dating evidence. Low-resolution silhouette/stripe reference, not a verified Omaha sortie.",2026-09-17
S12,Operation Overlord: D-Day,National Museum of the U.S. Air Force,Modern museum interpretation,https://www.nationalmuseum.af.mil/visit/Museum-Exhibits/Fact-Sheets/Display/Article/1789416/operation-overlord-d-day/,,Air campaign context; site blocked direct local download during collection.,2026-09-17
S13,"H-031-1: D-Day, Operation Neptune",Naval History and Heritage Command,2019,https://www.history.navy.mil/about-us/leadership/director/directors-corner/h-grams/h-gram-031/h-031-1.html,,Operational air/naval context; check sortie and beach before scripting a specific aircraft event.,2026-09-17
S14,Pressure,Focus Features,2026 film,https://www.focusfeatures.com/pressure,,Dramatized interpretation; not a source for measured weather or equipment accuracy.,2026-09-17
S15,Hardware and Software Specifications,Epic Games,Accessed 2026-09-17,https://dev.epicgames.com/documentation/en-us/unreal-engine/hardware-and-software-specifications-for-unreal-engine,,Documentation currently defaults to UE 5.8; project engine version remains unlocked.,2026-09-17
S16,Blueprints Visual Scripting,Epic Games,Accessed 2026-09-17,https://dev.epicgames.com/documentation/en-us/unreal-engine/blueprints-visual-scripting-in-unreal-engine,,"Official technical reference; Blueprint architecture here is a proposal, not an implemented asset.",2026-09-17
S17,Battle of Normandy,National Army Museum,Modern museum interpretation,https://www.nam.ac.uk/explore/normandy-campaign,,Captain Alfred Rowe battledress object and British campaign context; not a U.S. Omaha uniform.,2026-09-17
S18,"FM 23-95: 75-mm Tank Gun M2, mounted in Medium Tank M3",U.S. War Department,1942-05-04,https://www.ibiblio.org/hyperwar/USA/ref/FM/PDFs/FM23-95.pdf,archive/fm23_95_75mm_1942.pdf,"Figure 19 is an external M48 round reference. Manual is for M3 tank/M2 gun, not a Sherman deployment record.",2026-09-17
S19,British Army field uniforms recognition sheet,"OKH / Fremde Heere West, Taschenbuch Britisches Heer",1944,https://commons.wikimedia.org/wiki/File:Felduniformen_des_britischen_Heeres_1944.jpg,images/uniforms/british_1944_recognition.jpg,German intelligence recognition artwork; Commons marks it a public-domain German official work. Cross-check with British objects.,2026-09-17
S20,British Army ranks,National Army Museum,Modern historical overview,https://www.nam.ac.uk/explore/british-army-ranks,,Rank-family orientation; does not authorize copying present-day crown patterns into 1944.,2026-09-17
S21,The Royal Winnipeg Rifles: official lineage,Government of Canada,Official lineage,https://www.canada.ca/en/department-national-defence/services/military-history/history-heritage/official-military-history-lineages/lineages/infantry-regiments/royal-winnipeg-rifles.html,,Canadian D-Day formation context; Canadian uniform details still require an object-specific sheet if added.,2026-09-17
S22,General of the Army George C. Marshall,U.S. Army Center of Military History,Historical biography,https://history.army.mil/Research/Reference-Topics/5-Star/Gen-George-C-Marshall/,,December 1944 five-star promotion; do not use five-star insignia on D-Day.,2026-09-17
S23,75-mm M3/M6/M17 ammunition firing-table catalog record,Nationaal Militair Museum,1945 cataloged publication,https://collectie.nmm.nl/nl/collectie/detail/868814/,,Lists M48 in a later M3-gun reference; not evidence of a specific June 1944 tank load.,2026-09-17
S24,U.S. officer ranks from the 1943 Army pocket guide,"Special Service Division, U.S. Army / Government Printing Office",1943,https://commons.wikimedia.org/wiki/File:Pocket_Guide_of_Uniform_Insignia_1943_03%2B04_UNITED_STATES_ARMY_Shoulder_straps_NAVY_Sleeve_cuff_stripes_etc_%22United_Nations%22_rank_insignia_(Prepared_by_United_States_Army)_Author_uncredited_No_known_copyright_Archive.org.jpg,images/ranks/us_officer_rank_chart_1943.jpg,Period commissioned-officer recognition guide; Army and Navy insignia differ.,2026-09-17
S25,British Empire officer ranks from the 1943 Army pocket guide,"Special Service Division, U.S. Army / Government Printing Office",1943,https://commons.wikimedia.org/wiki/File:Pocket_Guide_of_Uniform_Insignia_1943_07%2B08_BRITISH_EMPIRE_ARMY_Shoulder_straps_NAVY_Sleeve_cuff_stripes_AIR_FORCE_Sleeve_cuff_stripes_%22United_Nations%22_rank_insignia_(Prepared_by_United_States_Army)_Author_uncredited_No_known_copyright.jpg,images/ranks/british_officer_rank_chart_1943.jpg,Period commissioned-officer recognition guide; Army and Navy insignia differ.,2026-09-17
S26,Fw 190A captured test aircraft: shape reference only,U.S. Navy / NHHC photograph 80-G-224686,Spring 1944,https://commons.wikimedia.org/wiki/File:Captured_Focke-Wulf_Fw_190_in_flight_in_April_1944.jpg,images/aircraft/fw190a_captured_shape_only.jpg,"Captured test aircraft in Maryland with U.S. markings; silhouette reference only, never Luftwaffe livery or Normandy sortie evidence.",2026-09-17
